type_cn,node_count,min_degree,max_degree,avg_degree
疾病,1,49,49,49.0
症状,1,35,35,35.0
病原体,2,24,41,32.5
防控措施,3,16,22,18.666666666666668
传播媒介,5,6,40,17.8
宿主,15,3,34,11.133333333333333
地点,16,3,21,10.187499999999998
其他,4,4,11,9.25
技术,10,2,16,6.1000000000000005
环境因素,2,3,5,4.0
